Workbook

Sheet INPUT
A1: TEACHER CLASS RECORD — INPUT & STUDENT ROSTER
A3: Region | D3: Division | G3: School Name
A4: School ID | D4: School Year | G4: Grade & Section | H4: Grade 7 – Section A
A5: Teacher | D5: Subject | G5: Subject Group | H5: AP / English / Filipino / Mathematics / Science / GMRC / Values Education
A7: STUDENT ROSTER | F7: HOW TO USE
A8: No. | B8: Learner Name | C8: Sex | D8: Notes | F8: 1. Edit the blue cells only: school details, subject group, learner names, sex, and scores.
A9: 1 | C9: M | F9: 2. Each term automatically calculates WWs, PTs, STs/TE, Initial Grade, Transmuted Term Grade, and Descriptor.
A10: 2 | C10: M | F10: 3. Default common-learning-area weights are 20% WW + 50% PT + 30% STs/TE.
A11: 3 | C11: M | F11: 4. Use the second workbook if you need more written tests and performance tasks per term.
A12: 4 | C12: M | F12: 5. The final grade is the average of the three transmuted term grades.
A13: 5 | C13: M | F13: 6. 75 is treated as the passing grade in the summary.
A14: 6 | C14: M
A15: 7 | C15: M
A16: 8 | C16: M
A17: 9 | C17: M
A18: 10 | C18: M
A19: 11 | C19: M
A20: 12 | C20: M
A21: 13 | C21: M
A22: 14 | C22: M
A23: 15 | C23: M
A24: 16 | C24: M
A25: 17 | C25: M
... A38: 30 | C38: F

Sheet TERM1
A1: TERM 1 — CLASS RECORD
A3: School | B3: =INPUT!H3 -> 0 | D3: Grade & Section | E3: =INPUT!H4 -> Grade 7 – Section A | G3: Teacher | H3: =INPUT!B5 -> 0 | J3: Subject | K3: =INPUT!E5 -> 0 | M3: Subject Group | N3: =INPUT!H5 -> AP / English / Filipino / Mathematics / Science / GMRC / Values Education
A6: No. | B6: Learner Name | C6: WRITTEN / ORAL WORKS | P6: PRODUCT / PERFORMANCE TASKS | X6: SUMMATIVE TESTS & TERM EXAMINATION | AD6: Initial Grade | AE6: Term Grade | AF6: Descriptor | AG6: Remark
C7: 1 | D7: 2 | E7: 3 | F7: 4 | G7: 5 | H7: 6 | I7: 7 | J7: 8 | K7: 9 | L7: 10 | M7: Total | N7: PS | O7: Weighted | P7: 1 | Q7: 2 | R7: 3 | S7: 4 | T7: 5 | U7: Total | V7: PS | W7: Weighted | X7: ST1 | Y7: ST2 | Z7: TE | AA7: Total | AB7: PS | AC7: Weighted
A9: HPS | B9: HIGHEST POSSIBLE SCORE | M9: =SUM(C9:L9) -> 0 | N9: 100 | O9: =INDEX(SETTINGS!$B$4:$B$11,MATCH(INPUT!$H$5,SETTINGS!$A$4:$A$11,0)) -> 0.2 | U9: =SUM(P9:T9) -> 0 | V9: 100 | W9: =INDEX(SETTINGS!$C$4:$C$11,MATCH(INPUT!$H$5,SETTINGS!$A$4:$A$11,0)) -> 0.5 | AA9: =SUM(X9:Z9) -> 0 | AB9: 100 | AC9: =INDEX(SETTINGS!$D$4:$D$11,MATCH(INPUT!$H$5,SETTINGS!$A$4:$A$11,0)) -> 0.3
A10: 1 | B10: =INPUT!B9 -> 0 | M10: =IF(COUNT(C10:L10)=0,"",SUM(C10:L10)) | N10: =IFERROR(M10/M$9*100,"") | O10: =IF(N10="","",ROUND(N10*O$9,2)) | U10: =IF(COUNT(P10:T10)=0,"",SUM(P10:T10)) | V10: =IFERROR(U10/U$9*100,"") | W10: =IF(V10="","",ROUND(V10*W$9,2)) | AA10: =IF(COUNT(X10:Z10)=0,"",SUM(X10:Z10)) | AB10: =IFERROR(AA10/AA$9*100,"") | AC10: =IF(AB10="","",ROUND(AB10*AC$9,2)) | AD10: =IF(COUNT(O10,W10,AC10)=0,"",ROUND(SUM(O10,W10,AC10),2)) | AE10: =IF(AD10="","",LOOKUP(AD10,SETTINGS!$F$16:$F$56,SETTINGS!$H$16:$H$56)) | AF10: =IF(AE10="","",LOOKUP(AE10,SETTINGS!$G$4:$G$8,SETTINGS!$F$4:$F$8)) | AG10: =IF(AE10="","",IF(AE10>=75,"PASSED","INTERVENTION"))
A11: 2 | B11: =INPUT!B10 -> 0 | M11: =IF(COUNT(C11:L11)=0,"",SUM(C11:L11)) | N11: =IFERROR(M11/M$9*100,"") | O11: =IF(N11="","",ROUND(N11*O$9,2)) | U11: =IF(COUNT(P11:T11)=0,"",SUM(P11:T11)) | V11: =IFERROR(U11/U$9*100,"") | W11: =IF(V11="","",ROUND(V11*W$9,2)) | AA11: =IF(COUNT(X11:Z11)=0,"",SUM(X11:Z11)) | AB11: =IFERROR(AA11/AA$9*100,"") | AC11: =IF(AB11="","",ROUND(AB11*AC$9,2)) | AD11: =IF(COUNT(O11,W11,AC11)=0,"",ROUND(SUM(O11,W11,AC11),2)) | AE11: =IF(AD11="","",LOOKUP(AD11,SETTINGS!$F$16:$F$56,SETTINGS!$H$16:$H$56)) | AF11: =IF(AE11="","",LOOKUP(AE11,SETTINGS!$G$4:$G$8,SETTINGS!$F$4:$F$8)) | AG11: =IF(AE11="","",IF(AE11>=75,"PASSED","INTERVENTION"))
A12: 3 | B12: =INPUT!B11 -> 0 | M12: =IF(COUNT(C12:L12)=0,"",SUM(C12:L12)) | N12: =IFERROR(M12/M$9*100,"") | O12: =IF(N12="","",ROUND(N12*O$9,2)) | U12: =IF(COUNT(P12:T12)=0,"",SUM(P12:T12)) | V12: =IFERROR(U12/U$9*100,"") | W12: =IF(V12="","",ROUND(V12*W$9,2)) | AA12: =IF(COUNT(X12:Z12)=0,"",SUM(X12:Z12)) | AB12: =IFERROR(AA12/AA$9*100,"") | AC12: =IF(AB12="","",ROUND(AB12*AC$9,2)) | AD12: =IF(COUNT(O12,W12,AC12)=0,"",ROUND(SUM(O12,W12,AC12),2)) | AE12: =IF(AD12="","",LOOKUP(AD12,SETTINGS!$F$16:$F$56,SETTINGS!$H$16:$H$56)) | AF12: =IF(AE12="","",LOOKUP(AE12,SETTINGS!$G$4:$G$8,SETTINGS!$F$4:$F$8)) | AG12: =IF(AE12="","",IF(AE12>=75,"PASSED","INTERVENTION"))
A13: 4 | B13: =INPUT!B12 -> 0 | M13: =IF(COUNT(C13:L13)=0,"",SUM(C13:L13)) | N13: =IFERROR(M13/M$9*100,"") | O13: =IF(N13="","",ROUND(N13*O$9,2)) | U13: =IF(COUNT(P13:T13)=0,"",SUM(P13:T13)) | V13: =IFERROR(U13/U$9*100,"") | W13: =IF(V13="","",ROUND(V13*W$9,2)) | AA13: =IF(COUNT(X13:Z13)=0,"",SUM(X13:Z13)) | AB13: =IFERROR(AA13/AA$9*100,"") | AC13: =IF(AB13="","",ROUND(AB13*AC$9,2)) | AD13: =IF(COUNT(O13,W13,AC13)=0,"",ROUND(SUM(O13,W13,AC13),2)) | AE13: =IF(AD13="","",LOOKUP(AD13,SETTINGS!$F$16:$F$56,SETTINGS!$H$16:$H$56)) | AF13: =IF(AE13="","",LOOKUP(AE13,SETTINGS!$G$4:$G$8,SETTINGS!$F$4:$F$8)) | AG13: =IF(AE13="","",IF(AE13>=75,"PASSED","INTERVENTION"))
A14: 5 | B14: =INPUT!B13 -> 0 | M14: =IF(COUNT(C14:L14)=0,"",SUM(C14:L14)) | N14: =IFERROR(M14/M$9*100,"") | O14: =IF(N14="","",ROUND(N14*O$9,2)) | U14: =IF(COUNT(P14:T14)=0,"",SUM(P14:T14)) | V14: =IFERROR(U14/U$9*100,"") | W14: =IF(V14="","",ROUND(V14*W$9,2)) | AA14: =IF(COUNT(X14:Z14)=0,"",SUM(X14:Z14)) | AB14: =IFERROR(AA14/AA$9*100,"") | AC14: =IF(AB14="","",ROUND(AB14*AC$9,2)) | AD14: =IF(COUNT(O14,W14,AC14)=0,"",ROUND(SUM(O14,W14,AC14),2)) | AE14: =IF(AD14="","",LOOKUP(AD14,SETTINGS!$F$16:$F$56,SETTINGS!$H$16:$H$56)) | AF14: =IF(AE14="","",LOOKUP(AE14,SETTINGS!$G$4:$G$8,SETTINGS!$F$4:$F$8)) | AG14: =IF(AE14="","",IF(AE14>=75,"PASSED","INTERVENTION"))
A15: 6 | B15: =INPUT!B14 -> 0 | M15: =IF(COUNT(C15:L15)=0,"",SUM(C15:L15)) | N15: =IFERROR(M15/M$9*100,"") | O15: =IF(N15="","",ROUND(N15*O$9,2)) | U15: =IF(COUNT(P15:T15)=0,"",SUM(P15:T15)) | V15: =IFERROR(U15/U$9*100,"") | W15: =IF(V15="","",ROUND(V15*W$9,2)) | AA15: =IF(COUNT(X15:Z15)=0,"",SUM(X15:Z15)) | AB15: =IFERROR(AA15/AA$9*100,"") | AC15: =IF(AB15="","",ROUND(AB15*AC$9,2)) | AD15: =IF(COUNT(O15,W15,AC15)=0,"",ROUND(SUM(O15,W15,AC15),2)) | AE15: =IF(AD15="","",LOOKUP(AD15,SETTINGS!$F$16:$F$56,SETTINGS!$H$16:$H$56)) | AF15: =IF(AE15="","",LOOKUP(AE15,SETTINGS!$G$4:$G$8,SETTINGS!$F$4:$F$8)) | AG15: =IF(AE15="","",IF(AE15>=75,"PASSED","INTERVENTION"))
A16: 7 | B16: =INPUT!B15 -> 0 | M16: =IF(COUNT(C16:L16)=0,"",SUM(C16:L16)) | N16: =IFERROR(M16/M$9*100,"") | O16: =IF(N16="","",ROUND(N16*O$9,2)) | U16: =IF(COUNT(P16:T16)=0,"",SUM(P16:T16)) | V16: =IFERROR(U16/U$9*100,"") | W16: =IF(V16="","",ROUND(V16*W$9,2)) | AA16: =IF(COUNT(X16:Z16)=0,"",SUM(X16:Z16)) | AB16: =IFERROR(AA16/AA$9*100,"") | AC16: =IF(AB16="","",ROUND(AB16*AC$9,2)) | AD16: =IF(COUNT(O16,W16,AC16)=0,"",ROUND(SUM(O16,W16,AC16),2)) | AE16: =IF(AD16="","",LOOKUP(AD16,SETTINGS!$F$16:$F$56,SETTINGS!$H$16:$H$56)) | AF16: =IF(AE16="","",LOOKUP(AE16,SETTINGS!$G$4:$G$8,SETTINGS!$F$4:$F$8)) | AG16: =IF(AE16="","",IF(AE16>=75,"PASSED","INTERVENTION"))
A17: 8 | B17: =INPUT!B16 -> 0 | M17: =IF(COUNT(C17:L17)=0,"",SUM(C17:L17)) | N17: =IFERROR(M17/M$9*100,"") | O17: =IF(N17="","",ROUND(N17*O$9,2)) | U17: =IF(COUNT(P17:T17)=0,"",SUM(P17:T17)) | V17: =IFERROR(U17/U$9*100,"") | W17: =IF(V17="","",ROUND(V17*W$9,2)) | AA17: =IF(COUNT(X17:Z17)=0,"",SUM(X17:Z17)) | AB17: =IFERROR(AA17/AA$9*100,"") | AC17: =IF(AB17="","",ROUND(AB17*AC$9,2)) | AD17: =IF(COUNT(O17,W17,AC17)=0,"",ROUND(SUM(O17,W17,AC17),2)) | AE17: =IF(AD17="","",LOOKUP(AD17,SETTINGS!$F$16:$F$56,SETTINGS!$H$16:$H$56)) | AF17: =IF(AE17="","",LOOKUP(AE17,SETTINGS!$G$4:$G$8,SETTINGS!$F$4:$F$8)) | AG17: =IF(AE17="","",IF(AE17>=75,"PASSED","INTERVENTION"))
A18: 9 | B18: =INPUT!B17 -> 0 | M18: =IF(COUNT(C18:L18)=0,"",SUM(C18:L18)) | N18: =IFERROR(M18/M$9*100,"") | O18: =IF(N18="","",ROUND(N18*O$9,2)) | U18: =IF(COUNT(P18:T18)=0,"",SUM(P18:T18)) | V18: =IFERROR(U18/U$9*100,"") | W18: =IF(V18="","",ROUND(V18*W$9,2)) | AA18: =IF(COUNT(X18:Z18)=0,"",SUM(X18:Z18)) | AB18: =IFERROR(AA18/AA$9*100,"") | AC18: =IF(AB18="","",ROUND(AB18*AC$9,2)) | AD18: =IF(COUNT(O18,W18,AC18)=0,"",ROUND(SUM(O18,W18,AC18),2)) | AE18: =IF(AD18="","",LOOKUP(AD18,SETTINGS!$F$16:$F$56,SETTINGS!$H$16:$H$56)) | AF18: =IF(AE18="","",LOOKUP(AE18,SETTINGS!$G$4:$G$8,SETTINGS!$F$4:$F$8)) | AG18: =IF(AE18="","",IF(AE18>=75,"PASSED","INTERVENTION"))
A19: 10 | B19: =INPUT!B18 -> 0 | M19: =IF(COUNT(C19:L19)=0,"",SUM(C19:L19)) | N19: =IFERROR(M19/M$9*100,"") | O19: =IF(N19="","",ROUND(N19*O$9,2)) | U19: =IF(COUNT(P19:T19)=0,"",SUM(P19:T19)) | V19: =IFERROR(U19/U$9*100,"") | W19: =IF(V19="","",ROUND(V19*W$9,2)) | AA19: =IF(COUNT(X19:Z19)=0,"",SUM(X19:Z19)) | AB19: =IFERROR(AA19/AA$9*100,"") | AC19: =IF(AB19="","",ROUND(AB19*AC$9,2)) | AD19: =IF(COUNT(O19,W19,AC19)=0,"",ROUND(SUM(O19,W19,AC19),2)) | AE19: =IF(AD19="","",LOOKUP(AD19,SETTINGS!$F$16:$F$56,SETTINGS!$H$16:$H$56)) | AF19: =IF(AE19="","",LOOKUP(AE19,SETTINGS!$G$4:$G$8,SETTINGS!$F$4:$F$8)) | AG19: =IF(AE19="","",IF(AE19>=75,"PASSED","INTERVENTION"))
A20: 11 | B20: =INPUT!B19 -> 0 | M20: =IF(COUNT(C20:L20)=0,"",SUM(C20:L20)) | N20: =IFERROR(M20/M$9*100,"") | O20: =IF(N20="","",ROUND(N20*O$9,2)) | U20: =IF(COUNT(P20:T20)=0,"",SUM(P20:T20)) | V20: =IFERROR(U20/U$9*100,"") | W20: =IF(V20="","",ROUND(V20*W$9,2)) | AA20: =IF(COUNT(X20:Z20)=0,"",SUM(X20:Z20)) | AB20: =IFERROR(AA20/AA$9*100,"") | AC20: =IF(AB20="","",ROUND(AB20*AC$9,2)) | AD20: =IF(COUNT(O20,W20,AC20)=0,"",ROUND(SUM(O20,W20,AC20),2)) | AE20: =IF(AD20="","",LOOKUP(AD20,SETTINGS!$F$16:$F$56,SETTINGS!$H$16:$H$56)) | AF20: =IF(AE20="","",LOOKUP(AE20,SETTINGS!$G$4:$G$8,SETTINGS!$F$4:$F$8)) | AG20: =IF(AE20="","",IF(AE20>=75,"PASSED","INTERVENTION"))
A21: 12 | B21: =INPUT!B20 -> 0 | M21: =IF(COUNT(C21:L21)=0,"",SUM(C21:L21)) | N21: =IFERROR(M21/M$9*100,"") | O21: =IF(N21="","",ROUND(N21*O$9,2)) | U21: =IF(COUNT(P21:T21)=0,"",SUM(P21:T21)) | V21: =IFERROR(U21/U$9*100,"") | W21: =IF(V21="","",ROUND(V21*W$9,2)) | AA21: =IF(COUNT(X21:Z21)=0,"",SUM(X21:Z21)) | AB21: =IFERROR(AA21/AA$9*100,"") | AC21: =IF(AB21="","",ROUND(AB21*AC$9,2)) | AD21: =IF(COUNT(O21,W21,AC21)=0,"",ROUND(SUM(O21,W21,AC21),2)) | AE21: =IF(AD21="","",LOOKUP(AD21,SETTINGS!$F$16:$F$56,SETTINGS!$H$16:$H$56)) | AF21: =IF(AE21="","",LOOKUP(AE21,SETTINGS!$G$4:$G$8,SETTINGS!$F$4:$F$8)) | AG21: =IF(AE21="","",IF(AE21>=75,"PASSED","INTERVENTION"))
... A39: 30 | B39: =INPUT!B38 -> 0 | M39: =IF(COUNT(C39:L39)=0,"",SUM(C39:L39)) | N39: =IFERROR(M39/M$9*100,"") | O39: =IF(N39="","",ROUND(N39*O$9,2)) | U39: =IF(COUNT(P39:T39)=0,"",SUM(P39:T39)) | V39: =IFERROR(U39/U$9*100,"") | W39: =IF(V39="","",ROUND(V39*W$9,2)) | AA39: =IF(COUNT(X39:Z39)=0,"",SUM(X39:Z39)) | AB39: =IFERROR(AA39/AA$9*100,"") | AC39: =IF(AB39="","",ROUND(AB39*AC$9,2)) | AD39: =IF(COUNT(O39,W39,AC39)=0,"",ROUND(SUM(O39,W39,AC39),2)) | AE39: =IF(AD39="","",LOOKUP(AD39,SETTINGS!$F$16:$F$56,SETTINGS!$H$16:$H$56)) | AF39: =IF(AE39="","",LOOKUP(AE39,SETTINGS!$G$4:$G$8,SETTINGS!$F$4:$F$8)) | AG39: =IF(AE39="","",IF(AE39>=75,"PASSED","INTERVENTION"))

Sheet TERM2
A1: TERM 2 — CLASS RECORD
A3: School | B3: =INPUT!H3 -> 0 | D3: Grade & Section | E3: =INPUT!H4 -> Grade 7 – Section A | G3: Teacher | H3: =INPUT!B5 -> 0 | J3: Subject | K3: =INPUT!E5 -> 0 | M3: Subject Group | N3: =INPUT!H5 -> AP / English / Filipino / Mathematics / Science / GMRC / Values Education
A6: No. | B6: Learner Name | C6: WRITTEN / ORAL WORKS | P6: PRODUCT / PERFORMANCE TASKS | X6: SUMMATIVE TESTS & TERM EXAMINATION | AD6: Initial Grade | AE6: Term Grade | AF6: Descriptor | AG6: Remark
C7: 1 | D7: 2 | E7: 3 | F7: 4 | G7: 5 | H7: 6 | I7: 7 | J7: 8 | K7: 9 | L7: 10 | M7: Total | N7: PS | O7: Weighted | P7: 1 | Q7: 2 | R7: 3 | S7: 4 | T7: 5 | U7: Total | V7: PS | W7: Weighted | X7: ST1 | Y7: ST2 | Z7: TE | AA7: Total | AB7: PS | AC7: Weighted
A9: HPS | B9: HIGHEST POSSIBLE SCORE | C9: 10 | D9: 10 | E9: 10 | F9: 10 | G9: 10 | H9: 10 | I9: 10 | J9: 10 | K9: 10 | L9: 10 | M9: =SUM(C9:L9) -> 100 | N9: 100 | O9: =INDEX(SETTINGS!$B$4:$B$11,MATCH(INPUT!$H$5,SETTINGS!$A$4:$A$11,0)) -> 0.2 | P9: 25 | Q9: 25 | R9: 25 | S9: 25 | T9: 25 | U9: =SUM(P9:T9) -> 125 | V9: 100 | W9: =INDEX(SETTINGS!$C$4:$C$11,MATCH(INPUT!$H$5,SETTINGS!$A$4:$A$11,0)) -> 0.5 | X9: 40 | Y9: 40 | Z9: 50 | AA9: =SUM(X9:Z9) -> 130 | AB9: 100 | AC9: =INDEX(SETTINGS!$D$4:$D$11,MATCH(INPUT!$H$5,SETTINGS!$A$4:$A$11,0)) -> 0.3
A10: 1 | B10: =INPUT!B9 -> 0 | M10: =IF(COUNT(C10:L10)=0,"",SUM(C10:L10)) | N10: =IFERROR(M10/M$9*100,"") | O10: =IF(N10="","",ROUND(N10*O$9,2)) | U10: =IF(COUNT(P10:T10)=0,"",SUM(P10:T10)) | V10: =IFERROR(U10/U$9*100,"") | W10: =IF(V10="","",ROUND(V10*W$9,2)) | AA10: =IF(COUNT(X10:Z10)=0,"",SUM(X10:Z10)) | AB10: =IFERROR(AA10/AA$9*100,"") | AC10: =IF(AB10="","",ROUND(AB10*AC$9,2)) | AD10: =IF(COUNT(O10,W10,AC10)=0,"",ROUND(SUM(O10,W10,AC10),2)) | AE10: =IF(AD10="","",LOOKUP(AD10,SETTINGS!$F$16:$F$56,SETTINGS!$H$16:$H$56)) | AF10: =IF(AE10="","",LOOKUP(AE10,SETTINGS!$G$4:$G$8,SETTINGS!$F$4:$F$8)) | AG10: =IF(AE10="","",IF(AE10>=75,"PASSED","INTERVENTION"))
A11: 2 | B11: =INPUT!B10 -> 0 | M11: =IF(COUNT(C11:L11)=0,"",SUM(C11:L11)) | N11: =IFERROR(M11/M$9*100,"") | O11: =IF(N11="","",ROUND(N11*O$9,2)) | U11: =IF(COUNT(P11:T11)=0,"",SUM(P11:T11)) | V11: =IFERROR(U11/U$9*100,"") | W11: =IF(V11="","",ROUND(V11*W$9,2)) | AA11: =IF(COUNT(X11:Z11)=0,"",SUM(X11:Z11)) | AB11: =IFERROR(AA11/AA$9*100,"") | AC11: =IF(AB11="","",ROUND(AB11*AC$9,2)) | AD11: =IF(COUNT(O11,W11,AC11)=0,"",ROUND(SUM(O11,W11,AC11),2)) | AE11: =IF(AD11="","",LOOKUP(AD11,SETTINGS!$F$16:$F$56,SETTINGS!$H$16:$H$56)) | AF11: =IF(AE11="","",LOOKUP(AE11,SETTINGS!$G$4:$G$8,SETTINGS!$F$4:$F$8)) | AG11: =IF(AE11="","",IF(AE11>=75,"PASSED","INTERVENTION"))
A12: 3 | B12: =INPUT!B11 -> 0 | M12: =IF(COUNT(C12:L12)=0,"",SUM(C12:L12)) | N12: =IFERROR(M12/M$9*100,"") | O12: =IF(N12="","",ROUND(N12*O$9,2)) | U12: =IF(COUNT(P12:T12)=0,"",SUM(P12:T12)) | V12: =IFERROR(U12/U$9*100,"") | W12: =IF(V12="","",ROUND(V12*W$9,2)) | AA12: =IF(COUNT(X12:Z12)=0,"",SUM(X12:Z12)) | AB12: =IFERROR(AA12/AA$9*100,"") | AC12: =IF(AB12="","",ROUND(AB12*AC$9,2)) | AD12: =IF(COUNT(O12,W12,AC12)=0,"",ROUND(SUM(O12,W12,AC12),2)) | AE12: =IF(AD12="","",LOOKUP(AD12,SETTINGS!$F$16:$F$56,SETTINGS!$H$16:$H$56)) | AF12: =IF(AE12="","",LOOKUP(AE12,SETTINGS!$G$4:$G$8,SETTINGS!$F$4:$F$8)) | AG12: =IF(AE12="","",IF(AE12>=75,"PASSED","INTERVENTION"))
A13: 4 | B13: =INPUT!B12 -> 0 | M13: =IF(COUNT(C13:L13)=0,"",SUM(C13:L13)) | N13: =IFERROR(M13/M$9*100,"") | O13: =IF(N13="","",ROUND(N13*O$9,2)) | U13: =IF(COUNT(P13:T13)=0,"",SUM(P13:T13)) | V13: =IFERROR(U13/U$9*100,"") | W13: =IF(V13="","",ROUND(V13*W$9,2)) | AA13: =IF(COUNT(X13:Z13)=0,"",SUM(X13:Z13)) | AB13: =IFERROR(AA13/AA$9*100,"") | AC13: =IF(AB13="","",ROUND(AB13*AC$9,2)) | AD13: =IF(COUNT(O13,W13,AC13)=0,"",ROUND(SUM(O13,W13,AC13),2)) | AE13: =IF(AD13="","",LOOKUP(AD13,SETTINGS!$F$16:$F$56,SETTINGS!$H$16:$H$56)) | AF13: =IF(AE13="","",LOOKUP(AE13,SETTINGS!$G$4:$G$8,SETTINGS!$F$4:$F$8)) | AG13: =IF(AE13="","",IF(AE13>=75,"PASSED","INTERVENTION"))
A14: 5 | B14: =INPUT!B13 -> 0 | M14: =IF(COUNT(C14:L14)=0,"",SUM(C14:L14)) | N14: =IFERROR(M14/M$9*100,"") | O14: =IF(N14="","",ROUND(N14*O$9,2)) | U14: =IF(COUNT(P14:T14)=0,"",SUM(P14:T14)) | V14: =IFERROR(U14/U$9*100,"") | W14: =IF(V14="","",ROUND(V14*W$9,2)) | AA14: =IF(COUNT(X14:Z14)=0,"",SUM(X14:Z14)) | AB14: =IFERROR(AA14/AA$9*100,"") | AC14: =IF(AB14="","",ROUND(AB14*AC$9,2)) | AD14: =IF(COUNT(O14,W14,AC14)=0,"",ROUND(SUM(O14,W14,AC14),2)) | AE14: =IF(AD14="","",LOOKUP(AD14,SETTINGS!$F$16:$F$56,SETTINGS!$H$16:$H$56)) | AF14: =IF(AE14="","",LOOKUP(AE14,SETTINGS!$G$4:$G$8,SETTINGS!$F$4:$F$8)) | AG14: =IF(AE14="","",IF(AE14>=75,"PASSED","INTERVENTION"))
A15: 6 | B15: =INPUT!B14 -> 0 | M15: =IF(COUNT(C15:L15)=0,"",SUM(C15:L15)) | N15: =IFERROR(M15/M$9*100,"") | O15: =IF(N15="","",ROUND(N15*O$9,2)) | U15: =IF(COUNT(P15:T15)=0,"",SUM(P15:T15)) | V15: =IFERROR(U15/U$9*100,"") | W15: =IF(V15="","",ROUND(V15*W$9,2)) | AA15: =IF(COUNT(X15:Z15)=0,"",SUM(X15:Z15)) | AB15: =IFERROR(AA15/AA$9*100,"") | AC15: =IF(AB15="","",ROUND(AB15*AC$9,2)) | AD15: =IF(COUNT(O15,W15,AC15)=0,"",ROUND(SUM(O15,W15,AC15),2)) | AE15: =IF(AD15="","",LOOKUP(AD15,SETTINGS!$F$16:$F$56,SETTINGS!$H$16:$H$56)) | AF15: =IF(AE15="","",LOOKUP(AE15,SETTINGS!$G$4:$G$8,SETTINGS!$F$4:$F$8)) | AG15: =IF(AE15="","",IF(AE15>=75,"PASSED","INTERVENTION"))
A16: 7 | B16: =INPUT!B15 -> 0 | M16: =IF(COUNT(C16:L16)=0,"",SUM(C16:L16)) | N16: =IFERROR(M16/M$9*100,"") | O16: =IF(N16="","",ROUND(N16*O$9,2)) | U16: =IF(COUNT(P16:T16)=0,"",SUM(P16:T16)) | V16: =IFERROR(U16/U$9*100,"") | W16: =IF(V16="","",ROUND(V16*W$9,2)) | AA16: =IF(COUNT(X16:Z16)=0,"",SUM(X16:Z16)) | AB16: =IFERROR(AA16/AA$9*100,"") | AC16: =IF(AB16="","",ROUND(AB16*AC$9,2)) | AD16: =IF(COUNT(O16,W16,AC16)=0,"",ROUND(SUM(O16,W16,AC16),2)) | AE16: =IF(AD16="","",LOOKUP(AD16,SETTINGS!$F$16:$F$56,SETTINGS!$H$16:$H$56)) | AF16: =IF(AE16="","",LOOKUP(AE16,SETTINGS!$G$4:$G$8,SETTINGS!$F$4:$F$8)) | AG16: =IF(AE16="","",IF(AE16>=75,"PASSED","INTERVENTION"))
A17: 8 | B17: =INPUT!B16 -> 0 | M17: =IF(COUNT(C17:L17)=0,"",SUM(C17:L17)) | N17: =IFERROR(M17/M$9*100,"") | O17: =IF(N17="","",ROUND(N17*O$9,2)) | U17: =IF(COUNT(P17:T17)=0,"",SUM(P17:T17)) | V17: =IFERROR(U17/U$9*100,"") | W17: =IF(V17="","",ROUND(V17*W$9,2)) | AA17: =IF(COUNT(X17:Z17)=0,"",SUM(X17:Z17)) | AB17: =IFERROR(AA17/AA$9*100,"") | AC17: =IF(AB17="","",ROUND(AB17*AC$9,2)) | AD17: =IF(COUNT(O17,W17,AC17)=0,"",ROUND(SUM(O17,W17,AC17),2)) | AE17: =IF(AD17="","",LOOKUP(AD17,SETTINGS!$F$16:$F$56,SETTINGS!$H$16:$H$56)) | AF17: =IF(AE17="","",LOOKUP(AE17,SETTINGS!$G$4:$G$8,SETTINGS!$F$4:$F$8)) | AG17: =IF(AE17="","",IF(AE17>=75,"PASSED","INTERVENTION"))
A18: 9 | B18: =INPUT!B17 -> 0 | M18: =IF(COUNT(C18:L18)=0,"",SUM(C18:L18)) | N18: =IFERROR(M18/M$9*100,"") | O18: =IF(N18="","",ROUND(N18*O$9,2)) | U18: =IF(COUNT(P18:T18)=0,"",SUM(P18:T18)) | V18: =IFERROR(U18/U$9*100,"") | W18: =IF(V18="","",ROUND(V18*W$9,2)) | AA18: =IF(COUNT(X18:Z18)=0,"",SUM(X18:Z18)) | AB18: =IFERROR(AA18/AA$9*100,"") | AC18: =IF(AB18="","",ROUND(AB18*AC$9,2)) | AD18: =IF(COUNT(O18,W18,AC18)=0,"",ROUND(SUM(O18,W18,AC18),2)) | AE18: =IF(AD18="","",LOOKUP(AD18,SETTINGS!$F$16:$F$56,SETTINGS!$H$16:$H$56)) | AF18: =IF(AE18="","",LOOKUP(AE18,SETTINGS!$G$4:$G$8,SETTINGS!$F$4:$F$8)) | AG18: =IF(AE18="","",IF(AE18>=75,"PASSED","INTERVENTION"))
A19: 10 | B19: =INPUT!B18 -> 0 | M19: =IF(COUNT(C19:L19)=0,"",SUM(C19:L19)) | N19: =IFERROR(M19/M$9*100,"") | O19: =IF(N19="","",ROUND(N19*O$9,2)) | U19: =IF(COUNT(P19:T19)=0,"",SUM(P19:T19)) | V19: =IFERROR(U19/U$9*100,"") | W19: =IF(V19="","",ROUND(V19*W$9,2)) | AA19: =IF(COUNT(X19:Z19)=0,"",SUM(X19:Z19)) | AB19: =IFERROR(AA19/AA$9*100,"") | AC19: =IF(AB19="","",ROUND(AB19*AC$9,2)) | AD19: =IF(COUNT(O19,W19,AC19)=0,"",ROUND(SUM(O19,W19,AC19),2)) | AE19: =IF(AD19="","",LOOKUP(AD19,SETTINGS!$F$16:$F$56,SETTINGS!$H$16:$H$56)) | AF19: =IF(AE19="","",LOOKUP(AE19,SETTINGS!$G$4:$G$8,SETTINGS!$F$4:$F$8)) | AG19: =IF(AE19="","",IF(AE19>=75,"PASSED","INTERVENTION"))
A20: 11 | B20: =INPUT!B19 -> 0 | M20: =IF(COUNT(C20:L20)=0,"",SUM(C20:L20)) | N20: =IFERROR(M20/M$9*100,"") | O20: =IF(N20="","",ROUND(N20*O$9,2)) | U20: =IF(COUNT(P20:T20)=0,"",SUM(P20:T20)) | V20: =IFERROR(U20/U$9*100,"") | W20: =IF(V20="","",ROUND(V20*W$9,2)) | AA20: =IF(COUNT(X20:Z20)=0,"",SUM(X20:Z20)) | AB20: =IFERROR(AA20/AA$9*100,"") | AC20: =IF(AB20="","",ROUND(AB20*AC$9,2)) | AD20: =IF(COUNT(O20,W20,AC20)=0,"",ROUND(SUM(O20,W20,AC20),2)) | AE20: =IF(AD20="","",LOOKUP(AD20,SETTINGS!$F$16:$F$56,SETTINGS!$H$16:$H$56)) | AF20: =IF(AE20="","",LOOKUP(AE20,SETTINGS!$G$4:$G$8,SETTINGS!$F$4:$F$8)) | AG20: =IF(AE20="","",IF(AE20>=75,"PASSED","INTERVENTION"))
A21: 12 | B21: =INPUT!B20 -> 0 | M21: =IF(COUNT(C21:L21)=0,"",SUM(C21:L21)) | N21: =IFERROR(M21/M$9*100,"") | O21: =IF(N21="","",ROUND(N21*O$9,2)) | U21: =IF(COUNT(P21:T21)=0,"",SUM(P21:T21)) | V21: =IFERROR(U21/U$9*100,"") | W21: =IF(V21="","",ROUND(V21*W$9,2)) | AA21: =IF(COUNT(X21:Z21)=0,"",SUM(X21:Z21)) | AB21: =IFERROR(AA21/AA$9*100,"") | AC21: =IF(AB21="","",ROUND(AB21*AC$9,2)) | AD21: =IF(COUNT(O21,W21,AC21)=0,"",ROUND(SUM(O21,W21,AC21),2)) | AE21: =IF(AD21="","",LOOKUP(AD21,SETTINGS!$F$16:$F$56,SETTINGS!$H$16:$H$56)) | AF21: =IF(AE21="","",LOOKUP(AE21,SETTINGS!$G$4:$G$8,SETTINGS!$F$4:$F$8)) | AG21: =IF(AE21="","",IF(AE21>=75,"PASSED","INTERVENTION"))
... A39: 30 | B39: =INPUT!B38 -> 0 | M39: =IF(COUNT(C39:L39)=0,"",SUM(C39:L39)) | N39: =IFERROR(M39/M$9*100,"") | O39: =IF(N39="","",ROUND(N39*O$9,2)) | U39: =IF(COUNT(P39:T39)=0,"",SUM(P39:T39)) | V39: =IFERROR(U39/U$9*100,"") | W39: =IF(V39="","",ROUND(V39*W$9,2)) | AA39: =IF(COUNT(X39:Z39)=0,"",SUM(X39:Z39)) | AB39: =IFERROR(AA39/AA$9*100,"") | AC39: =IF(AB39="","",ROUND(AB39*AC$9,2)) | AD39: =IF(COUNT(O39,W39,AC39)=0,"",ROUND(SUM(O39,W39,AC39),2)) | AE39: =IF(AD39="","",LOOKUP(AD39,SETTINGS!$F$16:$F$56,SETTINGS!$H$16:$H$56)) | AF39: =IF(AE39="","",LOOKUP(AE39,SETTINGS!$G$4:$G$8,SETTINGS!$F$4:$F$8)) | AG39: =IF(AE39="","",IF(AE39>=75,"PASSED","INTERVENTION"))

Sheet TERM3
A1: TERM 3 — CLASS RECORD
A3: School | B3: =INPUT!H3 -> 0 | D3: Grade & Section | E3: =INPUT!H4 -> Grade 7 – Section A | G3: Teacher | H3: =INPUT!B5 -> 0 | J3: Subject | K3: =INPUT!E5 -> 0 | M3: Subject Group | N3: =INPUT!H5 -> AP / English / Filipino / Mathematics / Science / GMRC / Values Education
A6: No. | B6: Learner Name | C6: WRITTEN / ORAL WORKS | P6: PRODUCT / PERFORMANCE TASKS | X6: SUMMATIVE TESTS & TERM EXAMINATION | AD6: Initial Grade | AE6: Term Grade | AF6: Descriptor | AG6: Remark
C7: 1 | D7: 2 | E7: 3 | F7: 4 | G7: 5 | H7: 6 | I7: 7 | J7: 8 | K7: 9 | L7: 10 | M7: Total | N7: PS | O7: Weighted | P7: 1 | Q7: 2 | R7: 3 | S7: 4 | T7: 5 | U7: Total | V7: PS | W7: Weighted | X7: ST1 | Y7: ST2 | Z7: TE | AA7: Total | AB7: PS | AC7: Weighted
A9: HPS | B9: HIGHEST POSSIBLE SCORE | C9: 10 | D9: 10 | E9: 10 | F9: 10 | G9: 10 | H9: 10 | I9: 10 | J9: 10 | K9: 10 | L9: 10 | M9: =SUM(C9:L9) -> 100 | N9: 100 | O9: =INDEX(SETTINGS!$B$4:$B$11,MATCH(INPUT!$H$5,SETTINGS!$A$4:$A$11,0)) -> 0.2 | P9: 25 | Q9: 25 | R9: 25 | S9: 25 | T9: 25 | U9: =SUM(P9:T9) -> 125 | V9: 100 | W9: =INDEX(SETTINGS!$C$4:$C$11,MATCH(INPUT!$H$5,SETTINGS!$A$4:$A$11,0)) -> 0.5 | X9: 40 | Y9: 40 | Z9: 50 | AA9: =SUM(X9:Z9) -> 130 | AB9: 100 | AC9: =INDEX(SETTINGS!$D$4:$D$11,MATCH(INPUT!$H$5,SETTINGS!$A$4:$A$11,0)) -> 0.3
A10: 1 | B10: =INPUT!B9 -> 0 | M10: =IF(COUNT(C10:L10)=0,"",SUM(C10:L10)) | N10: =IFERROR(M10/M$9*100,"") | O10: =IF(N10="","",ROUND(N10*O$9,2)) | U10: =IF(COUNT(P10:T10)=0,"",SUM(P10:T10)) | V10: =IFERROR(U10/U$9*100,"") | W10: =IF(V10="","",ROUND(V10*W$9,2)) | AA10: =IF(COUNT(X10:Z10)=0,"",SUM(X10:Z10)) | AB10: =IFERROR(AA10/AA$9*100,"") | AC10: =IF(AB10="","",ROUND(AB10*AC$9,2)) | AD10: =IF(COUNT(O10,W10,AC10)=0,"",ROUND(SUM(O10,W10,AC10),2)) | AE10: =IF(AD10="","",LOOKUP(AD10,SETTINGS!$F$16:$F$56,SETTINGS!$H$16:$H$56)) | AF10: =IF(AE10="","",LOOKUP(AE10,SETTINGS!$G$4:$G$8,SETTINGS!$F$4:$F$8)) | AG10: =IF(AE10="","",IF(AE10>=75,"PASSED","INTERVENTION"))
A11: 2 | B11: =INPUT!B10 -> 0 | M11: =IF(COUNT(C11:L11)=0,"",SUM(C11:L11)) | N11: =IFERROR(M11/M$9*100,"") | O11: =IF(N11="","",ROUND(N11*O$9,2)) | U11: =IF(COUNT(P11:T11)=0,"",SUM(P11:T11)) | V11: =IFERROR(U11/U$9*100,"") | W11: =IF(V11="","",ROUND(V11*W$9,2)) | AA11: =IF(COUNT(X11:Z11)=0,"",SUM(X11:Z11)) | AB11: =IFERROR(AA11/AA$9*100,"") | AC11: =IF(AB11="","",ROUND(AB11*AC$9,2)) | AD11: =IF(COUNT(O11,W11,AC11)=0,"",ROUND(SUM(O11,W11,AC11),2)) | AE11: =IF(AD11="","",LOOKUP(AD11,SETTINGS!$F$16:$F$56,SETTINGS!$H$16:$H$56)) | AF11: =IF(AE11="","",LOOKUP(AE11,SETTINGS!$G$4:$G$8,SETTINGS!$F$4:$F$8)) | AG11: =IF(AE11="","",IF(AE11>=75,"PASSED","INTERVENTION"))
A12: 3 | B12: =INPUT!B11 -> 0 | M12: =IF(COUNT(C12:L12)=0,"",SUM(C12:L12)) | N12: =IFERROR(M12/M$9*100,"") | O12: =IF(N12="","",ROUND(N12*O$9,2)) | U12: =IF(COUNT(P12:T12)=0,"",SUM(P12:T12)) | V12: =IFERROR(U12/U$9*100,"") | W12: =IF(V12="","",ROUND(V12*W$9,2)) | AA12: =IF(COUNT(X12:Z12)=0,"",SUM(X12:Z12)) | AB12: =IFERROR(AA12/AA$9*100,"") | AC12: =IF(AB12="","",ROUND(AB12*AC$9,2)) | AD12: =IF(COUNT(O12,W12,AC12)=0,"",ROUND(SUM(O12,W12,AC12),2)) | AE12: =IF(AD12="","",LOOKUP(AD12,SETTINGS!$F$16:$F$56,SETTINGS!$H$16:$H$56)) | AF12: =IF(AE12="","",LOOKUP(AE12,SETTINGS!$G$4:$G$8,SETTINGS!$F$4:$F$8)) | AG12: =IF(AE12="","",IF(AE12>=75,"PASSED","INTERVENTION"))
A13: 4 | B13: =INPUT!B12 -> 0 | M13: =IF(COUNT(C13:L13)=0,"",SUM(C13:L13)) | N13: =IFERROR(M13/M$9*100,"") | O13: =IF(N13="","",ROUND(N13*O$9,2)) | U13: =IF(COUNT(P13:T13)=0,"",SUM(P13:T13)) | V13: =IFERROR(U13/U$9*100,"") | W13: =IF(V13="","",ROUND(V13*W$9,2)) | AA13: =IF(COUNT(X13:Z13)=0,"",SUM(X13:Z13)) | AB13: =IFERROR(AA13/AA$9*100,"") | AC13: =IF(AB13="","",ROUND(AB13*AC$9,2)) | AD13: =IF(COUNT(O13,W13,AC13)=0,"",ROUND(SUM(O13,W13,AC13),2)) | AE13: =IF(AD13="","",LOOKUP(AD13,SETTINGS!$F$16:$F$56,SETTINGS!$H$16:$H$56)) | AF13: =IF(AE13="","",LOOKUP(AE13,SETTINGS!$G$4:$G$8,SETTINGS!$F$4:$F$8)) | AG13: =IF(AE13="","",IF(AE13>=75,"PASSED","INTERVENTION"))
A14: 5 | B14: =INPUT!B13 -> 0 | M14: =IF(COUNT(C14:L14)=0,"",SUM(C14:L14)) | N14: =IFERROR(M14/M$9*100,"") | O14: =IF(N14="","",ROUND(N14*O$9,2)) | U14: =IF(COUNT(P14:T14)=0,"",SUM(P14:T14)) | V14: =IFERROR(U14/U$9*100,"") | W14: =IF(V14="","",ROUND(V14*W$9,2)) | AA14: =IF(COUNT(X14:Z14)=0,"",SUM(X14:Z14)) | AB14: =IFERROR(AA14/AA$9*100,"") | AC14: =IF(AB14="","",ROUND(AB14*AC$9,2)) | AD14: =IF(COUNT(O14,W14,AC14)=0,"",ROUND(SUM(O14,W14,AC14),2)) | AE14: =IF(AD14="","",LOOKUP(AD14,SETTINGS!$F$16:$F$56,SETTINGS!$H$16:$H$56)) | AF14: =IF(AE14="","",LOOKUP(AE14,SETTINGS!$G$4:$G$8,SETTINGS!$F$4:$F$8)) | AG14: =IF(AE14="","",IF(AE14>=75,"PASSED","INTERVENTION"))
A15: 6 | B15: =INPUT!B14 -> 0 | M15: =IF(COUNT(C15:L15)=0,"",SUM(C15:L15)) | N15: =IFERROR(M15/M$9*100,"") | O15: =IF(N15="","",ROUND(N15*O$9,2)) | U15: =IF(COUNT(P15:T15)=0,"",SUM(P15:T15)) | V15: =IFERROR(U15/U$9*100,"") | W15: =IF(V15="","",ROUND(V15*W$9,2)) | AA15: =IF(COUNT(X15:Z15)=0,"",SUM(X15:Z15)) | AB15: =IFERROR(AA15/AA$9*100,"") | AC15: =IF(AB15="","",ROUND(AB15*AC$9,2)) | AD15: =IF(COUNT(O15,W15,AC15)=0,"",ROUND(SUM(O15,W15,AC15),2)) | AE15: =IF(AD15="","",LOOKUP(AD15,SETTINGS!$F$16:$F$56,SETTINGS!$H$16:$H$56)) | AF15: =IF(AE15="","",LOOKUP(AE15,SETTINGS!$G$4:$G$8,SETTINGS!$F$4:$F$8)) | AG15: =IF(AE15="","",IF(AE15>=75,"PASSED","INTERVENTION"))
A16: 7 | B16: =INPUT!B15 -> 0 | M16: =IF(COUNT(C16:L16)=0,"",SUM(C16:L16)) | N16: =IFERROR(M16/M$9*100,"") | O16: =IF(N16="","",ROUND(N16*O$9,2)) | U16: =IF(COUNT(P16:T16)=0,"",SUM(P16:T16)) | V16: =IFERROR(U16/U$9*100,"") | W16: =IF(V16="","",ROUND(V16*W$9,2)) | AA16: =IF(COUNT(X16:Z16)=0,"",SUM(X16:Z16)) | AB16: =IFERROR(AA16/AA$9*100,"") | AC16: =IF(AB16="","",ROUND(AB16*AC$9,2)) | AD16: =IF(COUNT(O16,W16,AC16)=0,"",ROUND(SUM(O16,W16,AC16),2)) | AE16: =IF(AD16="","",LOOKUP(AD16,SETTINGS!$F$16:$F$56,SETTINGS!$H$16:$H$56)) | AF16: =IF(AE16="","",LOOKUP(AE16,SETTINGS!$G$4:$G$8,SETTINGS!$F$4:$F$8)) | AG16: =IF(AE16="","",IF(AE16>=75,"PASSED","INTERVENTION"))
A17: 8 | B17: =INPUT!B16 -> 0 | M17: =IF(COUNT(C17:L17)=0,"",SUM(C17:L17)) | N17: =IFERROR(M17/M$9*100,"") | O17: =IF(N17="","",ROUND(N17*O$9,2)) | U17: =IF(COUNT(P17:T17)=0,"",SUM(P17:T17)) | V17: =IFERROR(U17/U$9*100,"") | W17: =IF(V17="","",ROUND(V17*W$9,2)) | AA17: =IF(COUNT(X17:Z17)=0,"",SUM(X17:Z17)) | AB17: =IFERROR(AA17/AA$9*100,"") | AC17: =IF(AB17="","",ROUND(AB17*AC$9,2)) | AD17: =IF(COUNT(O17,W17,AC17)=0,"",ROUND(SUM(O17,W17,AC17),2)) | AE17: =IF(AD17="","",LOOKUP(AD17,SETTINGS!$F$16:$F$56,SETTINGS!$H$16:$H$56)) | AF17: =IF(AE17="","",LOOKUP(AE17,SETTINGS!$G$4:$G$8,SETTINGS!$F$4:$F$8)) | AG17: =IF(AE17="","",IF(AE17>=75,"PASSED","INTERVENTION"))
A18: 9 | B18: =INPUT!B17 -> 0 | M18: =IF(COUNT(C18:L18)=0,"",SUM(C18:L18)) | N18: =IFERROR(M18/M$9*100,"") | O18: =IF(N18="","",ROUND(N18*O$9,2)) | U18: =IF(COUNT(P18:T18)=0,"",SUM(P18:T18)) | V18: =IFERROR(U18/U$9*100,"") | W18: =IF(V18="","",ROUND(V18*W$9,2)) | AA18: =IF(COUNT(X18:Z18)=0,"",SUM(X18:Z18)) | AB18: =IFERROR(AA18/AA$9*100,"") | AC18: =IF(AB18="","",ROUND(AB18*AC$9,2)) | AD18: =IF(COUNT(O18,W18,AC18)=0,"",ROUND(SUM(O18,W18,AC18),2)) | AE18: =IF(AD18="","",LOOKUP(AD18,SETTINGS!$F$16:$F$56,SETTINGS!$H$16:$H$56)) | AF18: =IF(AE18="","",LOOKUP(AE18,SETTINGS!$G$4:$G$8,SETTINGS!$F$4:$F$8)) | AG18: =IF(AE18="","",IF(AE18>=75,"PASSED","INTERVENTION"))
A19: 10 | B19: =INPUT!B18 -> 0 | M19: =IF(COUNT(C19:L19)=0,"",SUM(C19:L19)) | N19: =IFERROR(M19/M$9*100,"") | O19: =IF(N19="","",ROUND(N19*O$9,2)) | U19: =IF(COUNT(P19:T19)=0,"",SUM(P19:T19)) | V19: =IFERROR(U19/U$9*100,"") | W19: =IF(V19="","",ROUND(V19*W$9,2)) | AA19: =IF(COUNT(X19:Z19)=0,"",SUM(X19:Z19)) | AB19: =IFERROR(AA19/AA$9*100,"") | AC19: =IF(AB19="","",ROUND(AB19*AC$9,2)) | AD19: =IF(COUNT(O19,W19,AC19)=0,"",ROUND(SUM(O19,W19,AC19),2)) | AE19: =IF(AD19="","",LOOKUP(AD19,SETTINGS!$F$16:$F$56,SETTINGS!$H$16:$H$56)) | AF19: =IF(AE19="","",LOOKUP(AE19,SETTINGS!$G$4:$G$8,SETTINGS!$F$4:$F$8)) | AG19: =IF(AE19="","",IF(AE19>=75,"PASSED","INTERVENTION"))
A20: 11 | B20: =INPUT!B19 -> 0 | M20: =IF(COUNT(C20:L20)=0,"",SUM(C20:L20)) | N20: =IFERROR(M20/M$9*100,"") | O20: =IF(N20="","",ROUND(N20*O$9,2)) | U20: =IF(COUNT(P20:T20)=0,"",SUM(P20:T20)) | V20: =IFERROR(U20/U$9*100,"") | W20: =IF(V20="","",ROUND(V20*W$9,2)) | AA20: =IF(COUNT(X20:Z20)=0,"",SUM(X20:Z20)) | AB20: =IFERROR(AA20/AA$9*100,"") | AC20: =IF(AB20="","",ROUND(AB20*AC$9,2)) | AD20: =IF(COUNT(O20,W20,AC20)=0,"",ROUND(SUM(O20,W20,AC20),2)) | AE20: =IF(AD20="","",LOOKUP(AD20,SETTINGS!$F$16:$F$56,SETTINGS!$H$16:$H$56)) | AF20: =IF(AE20="","",LOOKUP(AE20,SETTINGS!$G$4:$G$8,SETTINGS!$F$4:$F$8)) | AG20: =IF(AE20="","",IF(AE20>=75,"PASSED","INTERVENTION"))
A21: 12 | B21: =INPUT!B20 -> 0 | M21: =IF(COUNT(C21:L21)=0,"",SUM(C21:L21)) | N21: =IFERROR(M21/M$9*100,"") | O21: =IF(N21="","",ROUND(N21*O$9,2)) | U21: =IF(COUNT(P21:T21)=0,"",SUM(P21:T21)) | V21: =IFERROR(U21/U$9*100,"") | W21: =IF(V21="","",ROUND(V21*W$9,2)) | AA21: =IF(COUNT(X21:Z21)=0,"",SUM(X21:Z21)) | AB21: =IFERROR(AA21/AA$9*100,"") | AC21: =IF(AB21="","",ROUND(AB21*AC$9,2)) | AD21: =IF(COUNT(O21,W21,AC21)=0,"",ROUND(SUM(O21,W21,AC21),2)) | AE21: =IF(AD21="","",LOOKUP(AD21,SETTINGS!$F$16:$F$56,SETTINGS!$H$16:$H$56)) | AF21: =IF(AE21="","",LOOKUP(AE21,SETTINGS!$G$4:$G$8,SETTINGS!$F$4:$F$8)) | AG21: =IF(AE21="","",IF(AE21>=75,"PASSED","INTERVENTION"))
... A39: 30 | B39: =INPUT!B38 -> 0 | M39: =IF(COUNT(C39:L39)=0,"",SUM(C39:L39)) | N39: =IFERROR(M39/M$9*100,"") | O39: =IF(N39="","",ROUND(N39*O$9,2)) | U39: =IF(COUNT(P39:T39)=0,"",SUM(P39:T39)) | V39: =IFERROR(U39/U$9*100,"") | W39: =IF(V39="","",ROUND(V39*W$9,2)) | AA39: =IF(COUNT(X39:Z39)=0,"",SUM(X39:Z39)) | AB39: =IFERROR(AA39/AA$9*100,"") | AC39: =IF(AB39="","",ROUND(AB39*AC$9,2)) | AD39: =IF(COUNT(O39,W39,AC39)=0,"",ROUND(SUM(O39,W39,AC39),2)) | AE39: =IF(AD39="","",LOOKUP(AD39,SETTINGS!$F$16:$F$56,SETTINGS!$H$16:$H$56)) | AF39: =IF(AE39="","",LOOKUP(AE39,SETTINGS!$G$4:$G$8,SETTINGS!$F$4:$F$8)) | AG39: =IF(AE39="","",IF(AE39>=75,"PASSED","INTERVENTION"))

Sheet SUMMARY
A1: 3-TERM SUMMARY OF GRADES
A3: School | B3: =INPUT!H3 -> 0 | D3: Grade & Section | E3: =INPUT!H4 -> Grade 7 – Section A | G3: Teacher | H3: =INPUT!B5 -> 0
A4: Subject | B4: =INPUT!E5 -> 0 | D4: School Year | E4: =INPUT!E4 -> 0
A6: No. | B6: Learner Name | C6: Sex | D6: TERM 1 | E6: TERM 2 | F6: TERM 3 | G6: FINAL GRADE | H6: DESCRIPTOR | I6: REMARK
A7: 1 | B7: =INPUT!B9 -> 0 | C7: =INPUT!C9 -> M | D7: =IF(TERM1!AE10="","",TERM1!AE10) | E7: =IF(TERM2!AE10="","",TERM2!AE10) | F7: =IF(TERM3!AE10="","",TERM3!AE10) | G7: =IF(COUNT(D7:F7)<3,"",ROUND(AVERAGE(D7:F7),0)) | H7: =IF(G7="","",LOOKUP(G7,SETTINGS!$G$4:$G$8,SETTINGS!$F$4:$F$8)) | I7: =IF(G7="","",IF(G7>=75,"PASSED","INTERVENTION"))
A8: 2 | B8: =INPUT!B10 -> 0 | C8: =INPUT!C10 -> M | D8: =IF(TERM1!AE11="","",TERM1!AE11) | E8: =IF(TERM2!AE11="","",TERM2!AE11) | F8: =IF(TERM3!AE11="","",TERM3!AE11) | G8: =IF(COUNT(D8:F8)<3,"",ROUND(AVERAGE(D8:F8),0)) | H8: =IF(G8="","",LOOKUP(G8,SETTINGS!$G$4:$G$8,SETTINGS!$F$4:$F$8)) | I8: =IF(G8="","",IF(G8>=75,"PASSED","INTERVENTION"))
A9: 3 | B9: =INPUT!B11 -> 0 | C9: =INPUT!C11 -> M | D9: =IF(TERM1!AE12="","",TERM1!AE12) | E9: =IF(TERM2!AE12="","",TERM2!AE12) | F9: =IF(TERM3!AE12="","",TERM3!AE12) | G9: =IF(COUNT(D9:F9)<3,"",ROUND(AVERAGE(D9:F9),0)) | H9: =IF(G9="","",LOOKUP(G9,SETTINGS!$G$4:$G$8,SETTINGS!$F$4:$F$8)) | I9: =IF(G9="","",IF(G9>=75,"PASSED","INTERVENTION"))
A10: 4 | B10: =INPUT!B12 -> 0 | C10: =INPUT!C12 -> M | D10: =IF(TERM1!AE13="","",TERM1!AE13) | E10: =IF(TERM2!AE13="","",TERM2!AE13) | F10: =IF(TERM3!AE13="","",TERM3!AE13) | G10: =IF(COUNT(D10:F10)<3,"",ROUND(AVERAGE(D10:F10),0)) | H10: =IF(G10="","",LOOKUP(G10,SETTINGS!$G$4:$G$8,SETTINGS!$F$4:$F$8)) | I10: =IF(G10="","",IF(G10>=75,"PASSED","INTERVENTION"))
A11: 5 | B11: =INPUT!B13 -> 0 | C11: =INPUT!C13 -> M | D11: =IF(TERM1!AE14="","",TERM1!AE14) | E11: =IF(TERM2!AE14="","",TERM2!AE14) | F11: =IF(TERM3!AE14="","",TERM3!AE14) | G11: =IF(COUNT(D11:F11)<3,"",ROUND(AVERAGE(D11:F11),0)) | H11: =IF(G11="","",LOOKUP(G11,SETTINGS!$G$4:$G$8,SETTINGS!$F$4:$F$8)) | I11: =IF(G11="","",IF(G11>=75,"PASSED","INTERVENTION"))
A12: 6 | B12: =INPUT!B14 -> 0 | C12: =INPUT!C14 -> M | D12: =IF(TERM1!AE15="","",TERM1!AE15) | E12: =IF(TERM2!AE15="","",TERM2!AE15) | F12: =IF(TERM3!AE15="","",TERM3!AE15) | G12: =IF(COUNT(D12:F12)<3,"",ROUND(AVERAGE(D12:F12),0)) | H12: =IF(G12="","",LOOKUP(G12,SETTINGS!$G$4:$G$8,SETTINGS!$F$4:$F$8)) | I12: =IF(G12="","",IF(G12>=75,"PASSED","INTERVENTION"))
A13: 7 | B13: =INPUT!B15 -> 0 | C13: =INPUT!C15 -> M | D13: =IF(TERM1!AE16="","",TERM1!AE16) | E13: =IF(TERM2!AE16="","",TERM2!AE16) | F13: =IF(TERM3!AE16="","",TERM3!AE16) | G13: =IF(COUNT(D13:F13)<3,"",ROUND(AVERAGE(D13:F13),0)) | H13: =IF(G13="","",LOOKUP(G13,SETTINGS!$G$4:$G$8,SETTINGS!$F$4:$F$8)) | I13: =IF(G13="","",IF(G13>=75,"PASSED","INTERVENTION"))
A14: 8 | B14: =INPUT!B16 -> 0 | C14: =INPUT!C16 -> M | D14: =IF(TERM1!AE17="","",TERM1!AE17) | E14: =IF(TERM2!AE17="","",TERM2!AE17) | F14: =IF(TERM3!AE17="","",TERM3!AE17) | G14: =IF(COUNT(D14:F14)<3,"",ROUND(AVERAGE(D14:F14),0)) | H14: =IF(G14="","",LOOKUP(G14,SETTINGS!$G$4:$G$8,SETTINGS!$F$4:$F$8)) | I14: =IF(G14="","",IF(G14>=75,"PASSED","INTERVENTION"))
A15: 9 | B15: =INPUT!B17 -> 0 | C15: =INPUT!C17 -> M | D15: =IF(TERM1!AE18="","",TERM1!AE18) | E15: =IF(TERM2!AE18="","",TERM2!AE18) | F15: =IF(TERM3!AE18="","",TERM3!AE18) | G15: =IF(COUNT(D15:F15)<3,"",ROUND(AVERAGE(D15:F15),0)) | H15: =IF(G15="","",LOOKUP(G15,SETTINGS!$G$4:$G$8,SETTINGS!$F$4:$F$8)) | I15: =IF(G15="","",IF(G15>=75,"PASSED","INTERVENTION"))
A16: 10 | B16: =INPUT!B18 -> 0 | C16: =INPUT!C18 -> M | D16: =IF(TERM1!AE19="","",TERM1!AE19) | E16: =IF(TERM2!AE19="","",TERM2!AE19) | F16: =IF(TERM3!AE19="","",TERM3!AE19) | G16: =IF(COUNT(D16:F16)<3,"",ROUND(AVERAGE(D16:F16),0)) | H16: =IF(G16="","",LOOKUP(G16,SETTINGS!$G$4:$G$8,SETTINGS!$F$4:$F$8)) | I16: =IF(G16="","",IF(G16>=75,"PASSED","INTERVENTION"))
A17: 11 | B17: =INPUT!B19 -> 0 | C17: =INPUT!C19 -> M | D17: =IF(TERM1!AE20="","",TERM1!AE20) | E17: =IF(TERM2!AE20="","",TERM2!AE20) | F17: =IF(TERM3!AE20="","",TERM3!AE20) | G17: =IF(COUNT(D17:F17)<3,"",ROUND(AVERAGE(D17:F17),0)) | H17: =IF(G17="","",LOOKUP(G17,SETTINGS!$G$4:$G$8,SETTINGS!$F$4:$F$8)) | I17: =IF(G17="","",IF(G17>=75,"PASSED","INTERVENTION"))
A18: 12 | B18: =INPUT!B20 -> 0 | C18: =INPUT!C20 -> M | D18: =IF(TERM1!AE21="","",TERM1!AE21) | E18: =IF(TERM2!AE21="","",TERM2!AE21) | F18: =IF(TERM3!AE21="","",TERM3!AE21) | G18: =IF(COUNT(D18:F18)<3,"",ROUND(AVERAGE(D18:F18),0)) | H18: =IF(G18="","",LOOKUP(G18,SETTINGS!$G$4:$G$8,SETTINGS!$F$4:$F$8)) | I18: =IF(G18="","",IF(G18>=75,"PASSED","INTERVENTION"))
... A36: 30 | B36: =INPUT!B38 -> 0 | C36: =INPUT!C38 -> F | D36: =IF(TERM1!AE39="","",TERM1!AE39) | E36: =IF(TERM2!AE39="","",TERM2!AE39) | F36: =IF(TERM3!AE39="","",TERM3!AE39) | G36: =IF(COUNT(D36:F36)<3,"",ROUND(AVERAGE(D36:F36),0)) | H36: =IF(G36="","",LOOKUP(G36,SETTINGS!$G$4:$G$8,SETTINGS!$F$4:$F$8)) | I36: =IF(G36="","",IF(G36>=75,"PASSED","INTERVENTION"))

Sheet SETTINGS
A1: DEPED 3-TERM GRADING SETTINGS
A3: Subject Group | B3: Written / Oral Works | C3: Product / Performance Tasks | D3: Summative Tests & Term Exam | F3: Descriptor | G3: Numerical Grade
A4: AP / English / Filipino / Mathematics / Science / GMRC / Values Education | B4: 0.2 | C4: 0.5 | D4: 0.3 | F4: Emerging (Nagsisimula) | G4: 0
A5: EPP / TLE / MAPEH | B5: 0.2 | C5: 0.6 | D5: 0.2 | F5: Developing (Napauunlad) | G5: 65
A6: SHS Core / Other Academic Electives | B6: 0.2 | C6: 0.5 | D6: 0.3 | F6: Connecting (Natutungo) | G6: 75
A7: SHS Field Exposure / Arts Apprenticeship / Creative Production | B7: 0.15 | C7: 0.7 | D7: 0.15 | F7: Benchmarking (Napamamalas) | G7: 80
A8: SHS Arts / Sports / Health & Wellness Electives | B8: 0.2 | C8: 0.6 | D8: 0.2 | F8: Advancing (Namumukod-tangi) | G8: 90
A9: SHS Research Electives / Design & Innovation | B9: 0.4 | C9: 0.6 | D9: 0
A10: SHS TechPro Electives | B10: 0.15 | C10: 0.65 | D10: 0.2
A11: SHS Work Immersion | B11: 0.2 | C11: 0.8 | D11: 0
A15: Important | F15: INITIAL GRADE LOWER BOUND | G15: RANGE NOTE | H15: TRANSMUTED GRADE | I15: DESCRIPTOR
A16: The adjusted transmutation table below follows the ranges shown in the supplied reference. The default passing grade is 75. | F16: 0 | G16: 0.00–39.99 | H16: 60 | I16: Emerging (Nagsisimula)
F17: 40 | G17: 40.00–42.99 | H17: 61 | I17: Emerging (Nagsisimula)
F18: 43 | G18: 43.00–45.99 | H18: 62 | I18: Emerging (Nagsisimula)
F19: 46 | G19: 46.00–47.99 | H19: 63 | I19: Emerging (Nagsisimula)
F20: 48 | G20: 48.00–49.99 | H20: 64 | I20: Emerging (Nagsisimula)
F21: 50 | G21: 50.00–51.99 | H21: 65 | I21: Developing (Napauunlad)
F22: 52 | G22: 52.00–53.99 | H22: 66 | I22: Developing (Napauunlad)
F23: 54 | G23: 54.00–55.99 | H23: 67 | I23: Developing (Napauunlad)
F24: 56 | G24: 56.00–57.99 | H24: 68 | I24: Developing (Napauunlad)
F25: 58 | G25: 58.00–59.99 | H25: 69 | I25: Developing (Napauunlad)
F26: 60 | G26: 60.00–61.99 | H26: 70 | I26: Developing (Napauunlad)
F27: 62 | G27: 62.00–63.99 | H27: 71 | I27: Developing (Napauunlad)
F28: 64 | G28: 64.00–65.99 | H28: 72 | I28: Developing (Napauunlad)
... F56: 99.5 | G56: 99.50–100.00 | H56: 100 | I56: Advancing (Namumukod-tangi)

Sheet GUIDE
A1: TEACHER GUIDE — 3-TERM GRADING WORKBOOK
A3: Purpose | B3: Editable Excel class record for the DepEd three-term grading structure reflected in the supplied reference.
A4: Default weights | B4: Common learning areas: WWs 20%, PTs 50%, STs/TE 30%. EPP/TLE/MAPEH and SHS groups are also listed in SETTINGS.
A5: Term structure | B5: Standard file: 5 Written/Oral Works + 3 Performance Tasks + ST1 + ST2 + Term Examination.
A6: Expanded file | B6: Expanded file: 10 Written/Oral Works + 5 Performance Tasks + ST1 + ST2 + Term Examination.
A7: Computation | B7: Each component is converted to a percentage score, multiplied by its assigned weight, then added to produce the Initial Grade.
A8: Transmutation | B8: The adjusted transmutation ranges in the supplied image are encoded in SETTINGS. The resulting Term Grade is the transmuted grade.
A9: Descriptors | B9: 90–100 Advancing; 80–89 Benchmarking; 75–79 Connecting; 65–74 Developing; 0–64 Emerging.
A10: Promotion / intervention | B10: The workbook flags a term/final result below 75 as INTERVENTION. Promotion decisions should still follow the current official DepEd rules and school policy.
A11: Data entry | B11: Blue cells are intended for teacher input. Change HPS in row 9 of each term if your actual assessment scores use different maximum points.
A12: Best practice | B12: Keep a backup copy before major edits, and verify the completed class record against your school's official forms before submission.
